K2N375,Julia Rodrigues Sousa
K5D73E,Daniel Pinto Ribeiro
C6J9A8,Guilherme Martins Ribeiro
4XX38Z,Nicolas Cardoso Ferreira
N766Y4,Caio Almeida Azevedo
C82R98,Paulo Cavalcanti Araujo
R98D5B,Daniel Goncalves Azevedo
V582W4,Nicolas Barbosa Ferreira
Q34X4G,Breno Cardoso Rocha
EQ4G94,Leonardo Silva Sousa
HE5465,Sofia Cavalcanti Martins
C4QV85,Pedro Fernandes Oliveira
YT753C,Lara Almeida Barros12345,1233
4XX38Z,Nicolas Cardoso Ferreira
C4QV85,Pedro Fernandes Oliveira
C6J9A8,Guilherme Martins Ribeiro
C82R98,Paulo Cavalcanti Araujo
EQ4G94,Leonardo Silva Sousa
HE5465,Sofia Cavalcanti Martins
K2N375,Julia Rodrigues Sousa
K5D73E,Daniel Pinto Ribeiro
N766Y4,Caio Almeida Azevedo
Q34X4G,Breno Cardoso Rocha
R98D5B,Daniel Goncalves Azevedo
V582W4,Nicolas Barbosa Ferreira
YT753C,Lara Almeida Barros
4XX38Z,Nicolas Cardoso Ferreira
C4QV85,Pedro Fernandes Oliveira
C6J9A8,Guilherme Martins Ribeiro
C82R98,Paulo Cavalcanti Araujo
EQ4G94,Leonardo Silva Sousa
HE5465,Sofia Cavalcanti Martins
K2N375,Julia Rodrigues Sousa
K5D73E,Daniel Pinto Ribeiro
N766Y4,Caio Almeida Azevedo
Q34X4G,Breno Cardoso Rocha
R98D5B,Daniel Goncalves Azevedo
V582W4,Nicolas Barbosa Ferreira
YT753C,Lara Almeida Barros12345
123,Jorge
4XX38Z,Nicolas Cardoso Ferreira
C4QV85,Pedro Fernandes Oliveira
C6J9A8,Guilherme Martins Ribeiro
C82R98,Paulo Cavalcanti Araujo
EQ4G94,Leonardo Silva Sousa
HE5465,Sofia Cavalcanti Martins
K2N375,Julia Rodrigues Sousa
K5D73E,Daniel Pinto Ribeiro
N766Y4,Caio Almeida Azevedo
Q34X4G,Breno Cardoso Rocha
R98D5B,Daniel Goncalves Azevedo
V582W4,Nicolas Barbosa Ferreira
YT753C,Lara Almeida Barros12345
123,Jorge
4XX38Z,Nicolas Cardoso Ferreira
C4QV85,Pedro Fernandes Oliveira
C6J9A8,Guilherme Martins Ribeiro
C82R98,Paulo Cavalcanti Araujo
EQ4G94,Leonardo Silva Sousa
HE5465,Sofia Cavalcanti Martins
K2N375,Julia Rodrigues Sousa
K5D73E,Daniel Pinto Ribeiro
N766Y4,Caio Almeida Azevedo
Q34X4G,Breno Cardoso Rocha
R98D5B,Daniel Goncalves Azevedo
V582W4,Nicolas Barbosa Ferreira
YT753C,Lara Almeida Barros12345
123,Jorge
12b12,Jorge
4XX38Z,Nicolas Cardoso Ferreira
C4QV85,Pedro Fernandes Oliveira
C6J9A8,Guilherme Martins Ribeiro
C82R98,Paulo Cavalcanti Araujo
EQ4G94,Leonardo Silva Sousa
HE5465,Sofia Cavalcanti Martins
K2N375,Julia Rodrigues Sousa
K5D73E,Daniel Pinto Ribeiro
N766Y4,Caio Almeida Azevedo
Q34X4G,Breno Cardoso Rocha
R98D5B,Daniel Goncalves Azevedo
V582W4,Nicolas Barbosa Ferreira
YT753C,Lara Almeida Barros12345
