Turismo,Graduacao,2023
Medicina,Graduacao,2023
Medicina,Graduacao,2022
Marketing,Pos Graduacao,2023
Engenharia da Computacao,Graduacao,2022
Direito,Graduacao,2022
Engenharia Civil,Pos Graduacao,2023
Fisica,Graduacao,2022
Turismo,Pos Graduacao,2022
Marketing,Graduacao,2022
Nutricao,Pos Graduacao,2022
Design Grafico,Pos Graduacao,2023
Engenharia da Computacao,Graduacao,2022
Medicina,Graduacao,2022
Administracao,Pos Graduacao,2023
Medicina Veterinaria,Pos Graduacao,2022
Direito,Graduacao,2022
Medicina,Pos Graduacao,2022
Ciencia da Computacao,Graduacao,2022
Marketing,Graduacao,2023
Medicina Veterinaria,Pos Graduacao,2022
Direito,Pos Graduacao,2023
Engenharia Civil,Graduacao,2023
Marketing,Graduacao,2023
Ciencia da Computacao,Graduacao,2022
Administracao,Pos Graduacao,2023
Ciencia da Computacao,Graduacao,2022
Design Grafico,Pos Graduacao,2023
Direito,Graduacao,2022
Engenharia Civil,Pos Graduacao,2023
Engenharia da Computacao,Graduacao,2022
Fisica,Graduacao,2022
Marketing,Pos Graduacao,2023
Medicina,Graduacao,2023
Medicina Veterinaria,Pos Graduacao,2022
Nutricao,Pos Graduacao,2022
Turismo,Graduacao,2023
Administracao,Pos Graduacao,2023
Ciencia da Computacao,Graduacao,2022
Design Grafico,Pos Graduacao,2023
Design Grafico,Pos Graduacao,2023
Direito,Graduacao,2022
Engenharia Civil,Pos Graduacao,2023
Engenharia da Computacao,Graduacao,2022
Fisica,Graduacao,2022
Marketing,Pos Graduacao,2023
Medicina,Graduacao,2023
Medicina Veterinaria,Pos Graduacao,2022
Nutricao,Pos Graduacao,2022
Turismo,Graduacao,2023
Administracao,Pos Graduacao,2023
Ciencia da Computacao,Graduacao,2022
Design Grafico,Pos Graduacao,2023
Design Gra�fico,Pos Graduacao,2023
Direito,Graduacao,2022
Engenharia Civil,Pos Graduacao,2023
Engenharia da Computacao,Graduacao,2022
Fisica,Graduacao,2022
Marketing,Pos Graduacao,2023
Medicina,Graduacao,2023
Medicina Veterinaria,Pos Graduacao,2022
Nutricao,Pos Graduacao,2022
Turismo,Graduacao,2023
Administracao,Pos Graduacao,2023
Ciencia da Computacao,Graduacao,2022
Ciencias,Pos-Graduacao,2015
Design Grafico,Pos Graduacao,2023
Design Gra�fico,Pos Graduacao,2023
Direito,Graduacao,2022
Engenharia Civil,Pos Graduacao,2023
Engenharia da Computacao,Graduacao,2022
Fisica,Graduacao,2022
Marketing,Pos Graduacao,2023
Medicina,Graduacao,2023
Medicina Veterinaria,Pos Graduacao,2022
Nutricao,Pos Graduacao,2022
Turismo,Graduacao,2023
Administracao,Pos Graduacao,2023
Ciencia da Computacao,Graduacao,2022
Ciencias,Pos-Graduacao,2015
Design Grafico,Pos Graduacao,2023
Design Gra�fico,Pos Graduacao,2023
Direito,Graduacao,2022
Engenharia Civil,Pos Graduacao,2023
Engenharia da Computacao,Graduacao,2022
Fisica,Graduacao,2022
Marketing,Pos Graduacao,2023
Medicina,Graduacao,2023
Medicina Veterinaria,Pos Graduacao,2022
Nutricao,Pos Graduacao,2022
Turismo,Graduacao,2023
Administracao,Pos Graduacao,2023
Ciencia,Pos,2020
Ciencia da Computacao,Graduacao,2022
Ciencias,Pos-Graduacao,2015
Design Grafico,Pos Graduacao,2023
Design Grafico,Pos Graduacao,2023
Direito,Graduacao,2022
Engenharia Civil,Pos Graduacao,2023
Engenharia da Computacao,Graduacao,2022
Fisica,Graduacao,2022
Marketing,Pos Graduacao,2023
Medicina,Graduacao,2023
Medicina Veterinaria,Pos Graduacao,2022
Nutricao,Pos Graduacao,2022
Turismo,Graduacao,2023
Administracao,Pos Graduacao,2023
Ciencia da Computacao,Graduacao,2022
Ciencias,Pos-Graduacao,2015
Design Grafico,Pos Graduacao,2023
Design Gra�fico,Pos Graduacao,2023
Direito,Graduacao,2022
Engenharia Civil,Pos Graduacao,2023
Engenharia da Computacao,Graduacao,2022
Fisica,Graduacao,2022
Marketing,Pos Graduacao,2023
Medicina,Graduacao,2023
Medicina Veterinaria,Pos Graduacao,2022
Nutricao,Pos Graduacao,2022
Turismo,Graduacao,2023
Administracao,Pos Graduacao,2023
Ciencia,Pos,2020
Ciencia da Computacao,Graduacao,2022
Ciencias,Pos-Graduacao,2015
Design Grafico,Pos Graduacao,2023
Design Gra�fico,Pos Graduacao,2023
Direito,Graduacao,2022
Engenharia Civil,Pos Graduacao,2023
Engenharia da Computacao,Graduacao,2022
Fisica,Graduacao,2022
Marketing,Pos Graduacao,2023
Medicina,Graduacao,2023
Medicina Veterinaria,Pos Graduacao,2022
Nutricao,Pos Graduacao,2022
Turismo,Graduacao,2023
Administracao,Pos Graduacao,2023
Ciencia,Pos,2020
Ciencia da Computacao,Graduacao,2022
Ciencias,Pos-Graduacao,2015
Design Grafico,Pos Graduacao,2023
Design Gra�fico,Pos Graduacao,2023
Direito,Graduacao,2022
Engenharia Civil,Pos Graduacao,2023
Engenharia da Computacao,Graduacao,2022
Fisica,Graduacao,2022
Marketing,Pos Graduacao,2023
Medicina,Graduacao,2023
Medicina Veterinaria,Pos Graduacao,2022
Nutricao,Pos Graduacao,2022
Turismo,Graduacao,2023
Administracao,Pos Graduacao,2023
Ciencia,Pos,2020
Ciencia da Computacao,Graduacao,2022
Ciencias,Pos-Graduacao,2015
Design Grafico,Pos Graduacao,2023
Design Gra�fico,Pos Graduacao,2023
Direito,Graduacao,2022
Engenharia Civil,Pos Graduacao,2023
Engenharia da Computacao,Graduacao,2022
Fisica,Graduacao,2022
Marketing,Pos Graduacao,2023
Medicina,Graduacao,2023
Medicina Veterinaria,Pos Graduacao,2022
Nutricao,Pos Graduacao,2022
Turismo,Graduacao,2023
Administracao,Pos Graduacao,2023
Ciencia,Pos,2020
Ciencia da Computacao,Graduacao,2022
Ciencias,Pos-Graduacao,2015
Design Grafico,Pos Graduacao,2023
Design Gra�fico,Pos Graduacao,2023
Direito,Graduacao,2022
Engenharia Civil,Pos Graduacao,2023
Engenharia da Computacao,Graduacao,2022
Fisica,Graduacao,2022
Geografia,Pos,202e
Marketing,Pos Graduacao,2023
Medicina,Graduacao,2023
Medicina Veterinaria,Pos Graduacao,2022
Nutricao,Pos Graduacao,2022
Turismo,Graduacao,2023
Administracao,Pos Graduacao,2023
Ciencia,Pos,2020
Ciencia da Computacao,Graduacao,2022
Ciencias,Pos-Graduacao,2015
Design Grafico,Pos Graduacao,2023
Design Gra�fico,Pos Graduacao,2023
Direito,Graduacao,2022
Engenharia Civil,Pos Graduacao,2023
Engenharia da Computacao,Graduacao,2022
Fisica,Graduacao,2022
Geografia,Pos,202e
Marketing,Pos Graduacao,2023
Medicina,Graduacao,2023
Medicina Veterinaria,Pos Graduacao,2022
Nutricao,Pos Graduacao,2022
Turismo,Graduacao,2023
Administracao,Pos Graduacao,2023
Ciencia,Pos,2020
Ciencia da Computacao,Graduacao,2022
Ciencias,Pos-Graduacao,2015
Design Grafico,Pos Graduacao,2023
Design Gra�fico,Pos Graduacao,2023
Direito,Graduacao,2022
Engenharia Civil,Pos Graduacao,2023
Engenharia da Computacao,Graduacao,2022
Fisica,Graduacao,2022
Geografia,Pos,202e
Marketing,Pos Graduacao,2023
Medicina,Graduacao,2023
Medicina Veterinaria,Pos Graduacao,2022
Nutricao,Pos Graduacao,2022
Turismo,Graduacao,2023
Administracao,Pos Graduacao,2023
Ciencia,Pos,2020
Ciencia da Computacao,Graduacao,2022
Ciencias,Pos-Graduacao,2015
Design Grafico,Pos Graduacao,2023
Design Gra�fico,Pos Graduacao,2023
Direito,Graduacao,2022
Engenharia Civil,Pos Graduacao,2023
Engenharia da Computacao,Graduacao,2022
Fisica,Graduacao,2022
Geografia,Pos,202e
Marketing,Pos Graduacao,2023
Medicina,Graduacao,2023
Medicina Veterinaria,Pos Graduacao,2022
Nutricao,Pos Graduacao,2022
Turismo,Graduacao,2023
Administracao,Pos Graduacao,2023
Ciencia,Pos,2020
Ciencia da Computacao,Graduacao,2022
Ciencias,Pos-Graduacao,2015
Design Grafico,Pos Graduacao,2023
Design Gra�fico,Pos Graduacao,2023
Direito,Graduacao,2022
Engenharia Civil,Pos Graduacao,2023
Engenharia da Computacao,Graduacao,2022
Fisica,Graduacao,2022
Geografia,Pos,202e
Marketing,Pos Graduacao,2023
Medicina,Graduacao,2023
Medicina Veterinaria,Pos Graduacao,2022
Nutricao,Pos Graduacao,2022
Turismo,Graduacao,2023
Administracao,Pos Graduacao,2023
Ciencia,Pos,2020
Ciencia da Computacao,Graduacao,2022
Ciencias,Pos-Graduacao,2015
Design Grafico,Pos Graduacao,2023
Design Gra�fico,Pos Graduacao,2023
Direito,Graduacao,2022
Engenharia Civil,Pos Graduacao,2023
Engenharia da Computacao,Graduacao,2022
Fisica,Graduacao,2022
Geografia,Pos,202e
Marketing,Pos Graduacao,2023
Medicina,Graduacao,2023
Medicina Veterinaria,Pos Graduacao,2022
Nutricao,Pos Graduacao,2022
Turismo,Graduacao,2023
Administracao,Pos Graduacao,2023
Ciecias exatas,Pos,20w1
Ciencia,Pos,2020
Ciencia da Computacao,Graduacao,2022
Ciencias,Pos-Graduacao,2015
Ciencias Exatas,Pos,2010
Design Grafico,Pos Graduacao,2023
Design Gra�fico,Pos Graduacao,2023
Direito,Graduacao,2022
Engenharia Civil,Pos Graduacao,2023
Engenharia da Computacao,Graduacao,2022
Fisica,Graduacao,2022
Geografia,Pos,202e
Marketing,Pos Graduacao,2023
Medicina,Graduacao,2023
Medicina Veterinaria,Pos Graduacao,2022
Nutricao,Pos Graduacao,2022
Turismo,Graduacao,2023
Administracao,Pos Graduacao,2023
Ciecias exatas,Pos,20w1
Ciencia,Pos,2020
Ciencia da Computacao,Graduacao,2022
Ciencias,Pos-Graduacao,2015
Ciencias Exatas,Pos,2010
Design Grafico,Pos Graduacao,2023
Design Gra�fico,Pos Graduacao,2023
Direito,Graduacao,2022
Engenharia Civil,Pos Graduacao,2023
Engenharia da Computacao,Graduacao,2022
Fisica,Graduacao,2022
Geografia,Pos,202e
Marketing,Pos Graduacao,2023
Medicina,Graduacao,2023
Medicina Veterinaria,Pos Graduacao,2022
Nutricao,Pos Graduacao,2022
Turismo,Graduacao,2023
Administracao,Pos Graduacao,2023
Ciecias exatas,Pos,20w1
Ciencia,Pos,2020
Ciencia da Computacao,Graduacao,2022
Ciencias,Pos-Graduacao,2015
Ciencias Exatas,Pos,2010
Design Grafico,Pos Graduacao,2023
Design Gra�fico,Pos Graduacao,2023
Direito,Graduacao,2022
Engenharia Civil,Pos Graduacao,2023
Engenharia da Computacao,Graduacao,2022
Fisica,Graduacao,2022
Geografia,Pos,202e
Marketing,Pos Graduacao,2023
Medicina,Graduacao,2023
Medicina Veterinaria,Pos Graduacao,2022
Nutricao,Pos Graduacao,2022
Turismo,Graduacao,2023
Administracao,Pos Graduacao,2023
Ciecias exatas,Pos,20w1
Ciencia,Pos,2020
Ciencia da Computacao,Graduacao,2022
Ciencias,Pos-Graduacao,2015
Ciencias Exatas,Pos,2010
Design Grafico,Pos Graduacao,2023
Design Gra�fico,Pos Graduacao,2023
Direito,Graduacao,2022
Engenharia Civil,Pos Graduacao,2023
Engenharia da Computacao,Graduacao,2022
Fisica,Graduacao,2022
Geografia,Pos,202e
Marketing,Pos Graduacao,2023
Medicina,Graduacao,2023
Medicina Veterinaria,Pos Graduacao,2022
Nutricao,Pos Graduacao,2022
Turismo,Graduacao,2023
